CREATE TABLE
CREATE TABLE
CREATE TABLE
CREATE TABLE

--Q1
 bookno |        title         
--------+----------------------
   2001 | Databases
   2002 | OperatingSystems
   2007 | ProgrammingLanguages
   2013 | RealAnalysis
(4 rows)

-Q2
 sid  |   sname   
------+-----------
 1001 | Jean
 1002 | Maria
 1003 | Anna
 1004 | Chin
 1005 | John
 1006 | Ryan
 1007 | Catherine
 1008 | Emma
 1009 | Jan
 1010 | Linda
 1011 | Nick
 1012 | Eric
 1013 | Lisa
 1014 | Filip
 1017 | Ellen
 1020 | Ahmed
(16 rows)

-Q3
 bookno 
--------
   2012
   2003
   2001
(3 rows)

-Q4
select b.bookno from Book b where b.bookno not in (select bookno from Buys);

-Q5
 sid  
------
 1001
 1015
 1016
(3 rows)

-Q6
 bookno 
--------
   2003
   2006
   2008
   2010
(4 rows)

-Q7
 sid  | sname 
------+-------
 1008 | Emma
 1014 | Filip
 1003 | Anna
 1009 | Jan
 1012 | Eric
 1017 | Ellen
 1004 | Chin
 1010 | Linda
 1006 | Ryan
(9 rows)

-Q8
 sid  |   major    
------+------------
 1014 | Theater
 1013 | CS
 1012 | CS
 1013 | Psychology
(4 rows)

-Q9
 sid  | bookno 
------+--------
 1001 |   2011
 1002 |   2012
 1003 |   2012
 1004 |   2012
 1005 |   2012
 1006 |   2012
 1007 |   2012
 1008 |   2012
 1009 |   2012
 1010 |   2012
 1011 |   2012
 1012 |   2012
 1013 |   2012
 1014 |   2012
 1017 |   2012
 1020 |   2012
(16 rows)

-Q10
 price 
-------
    50
(1 row)

-Q11
--Large output

-Q12
 sid  
------
 1012
 1013
 1014
 1015
 1016
 1020
(6 rows)

-Q13
 bookno | bookno 
--------+--------
   2001 |   2002
   2001 |   2003
   2001 |   2007
   2001 |   2008
   2001 |   2009
   2001 |   2010
   2001 |   2011
   2001 |   2012
   2001 |   2013
   2002 |   2001
   2002 |   2003
   2002 |   2007
   2002 |   2008
   2002 |   2009
   2002 |   2010
   2002 |   2011
   2002 |   2012
   2002 |   2013
   2003 |   2001
   2003 |   2002
   2003 |   2007
   2003 |   2008
   2003 |   2009
   2003 |   2010
   2003 |   2011
   2003 |   2012
   2003 |   2013
   2006 |   2007
   2006 |   2008
   2006 |   2011
   2006 |   2012
   2006 |   2013
   2007 |   2001
   2007 |   2002
   2007 |   2003
   2007 |   2006
   2007 |   2008
   2007 |   2009
   2007 |   2010
   2007 |   2011
   2007 |   2012
   2007 |   2013
   2008 |   2001
   2008 |   2002
   2008 |   2003
   2008 |   2006
   2008 |   2007
   2008 |   2009
   2008 |   2010
   2008 |   2011
   2008 |   2012
   2008 |   2013
   2009 |   2001
   2009 |   2002
   2009 |   2003
   2009 |   2007
   2009 |   2008
   2009 |   2010
   2009 |   2011
   2009 |   2012
   2009 |   2013
   2010 |   2001
   2010 |   2002
   2010 |   2003
   2010 |   2007
   2010 |   2008
   2010 |   2009
   2010 |   2011
   2010 |   2012
   2010 |   2013
   2011 |   2001
   2011 |   2002
   2011 |   2003
   2011 |   2006
   2011 |   2007
   2011 |   2008
   2011 |   2009
   2011 |   2010
   2011 |   2012
   2011 |   2013
   2012 |   2001
   2012 |   2002
   2012 |   2003
   2012 |   2006
   2012 |   2007
   2012 |   2008
   2012 |   2009
   2012 |   2010
   2012 |   2011
   2012 |   2013
   2013 |   2001
   2013 |   2002
   2013 |   2003
   2013 |   2006
   2013 |   2007
   2013 |   2008
   2013 |   2009
   2013 |   2010
   2013 |   2011
   2013 |   2012
(100 rows)

-Q14
 sid  
------
 1001
 1003
 1007
 1004
 1005
 1014
 1002
 1010
 1020
 1008
 1006
 1011
 1013
 1009
 1012
 1017
(16 rows)